{"accuracy": 0.9651479318207492, "f1": 0.9349433011205377}